id,process_name,from_state,to_state,command,role,condition,message_text,reply_markup,inline_markup,notification,integrations,result_action,bot_command,bot_description
1,TaxiDelivery,start,choose_service,/start,client,,"–ó–¥—Ä–∞–≤—Å—Ç–≤—É–π—Ç–µ! –í—ã–±–µ—Ä–∏—Ç–µ —É—Å–ª—É–≥—É:",üöï –¢–∞–∫—Å–∏|üçï –î–æ—Å—Ç–∞–≤–∫–∞,,,,,/start,–ó–∞–ø—É—Å—Ç–∏—Ç—å –±–æ—Ç–∞
2,TaxiDelivery,any,choose_service,/neworder,client,,"–ó–¥—Ä–∞–≤—Å—Ç–≤—É–π—Ç–µ! –í—ã–±–µ—Ä–∏—Ç–µ —É—Å–ª—É–≥—É:",üöï –¢–∞–∫—Å–∏|üçï –î–æ—Å—Ç–∞–≤–∫–∞,,,,,/neworder,–°–¥–µ–ª–∞—Ç—å –Ω–æ–≤—ã–π –∑–∞–∫–∞–∑
3,TaxiDelivery,choose_service,enter_from,üöï –¢–∞–∫—Å–∏,client,,"–í–≤–µ–¥–∏—Ç–µ –∞–¥—Ä–µ—Å –ø–æ–¥–∞—á–∏ —Ç–∞–∫—Å–∏:",‚Äî,,,,,,
4,TaxiDelivery,choose_service,enter_from,üçï –î–æ—Å—Ç–∞–≤–∫–∞,client,,"–í–≤–µ–¥–∏—Ç–µ –∞–¥—Ä–µ—Å –¥–æ—Å—Ç–∞–≤–∫–∏:",‚Äî,,,,,,
5,TaxiDelivery,enter_from,enter_to,<text>,client,,"–í–≤–µ–¥–∏—Ç–µ –∞–¥—Ä–µ—Å –Ω–∞–∑–Ω–∞—á–µ–Ω–∏—è (–∫—É–¥–∞ –µ—Ö–∞—Ç—å/–¥–æ—Å—Ç–∞–≤–∏—Ç—å):",‚Äî,,,save:from_address:{text},,,
6,TaxiDelivery,enter_to,enter_phone,<text>,client,,"–í–≤–µ–¥–∏—Ç–µ –∫–æ–Ω—Ç–∞–∫—Ç–Ω—ã–π —Ç–µ–ª–µ—Ñ–æ–Ω:",‚Äî,,,save:to_address:{text},,,
7,TaxiDelivery,enter_phone,confirm,<text>,client,,"–ü—Ä–æ–≤–µ—Ä—å—Ç–µ –¥–∞–Ω–Ω—ã–µ –∏ –ø–æ–¥—Ç–≤–µ—Ä–¥–∏—Ç–µ –∑–∞–∫–∞–∑.",–ü–æ–¥—Ç–≤–µ—Ä–¥–∏—Ç—å|–ò–∑–º–µ–Ω–∏—Ç—å –∞–¥—Ä–µ—Å|–ò–∑–º–µ–Ω–∏—Ç—å —Ç–µ–ª–µ—Ñ–æ–Ω,,,,,,
8,TaxiDelivery,enter_phone,confirm,–ü–æ–¥—Ç–≤–µ—Ä–¥–∏—Ç—å,client,,"–ü—Ä–æ–≤–µ—Ä—å—Ç–µ –¥–∞–Ω–Ω—ã–µ –∏ –ø–æ–¥—Ç–≤–µ—Ä–¥–∏—Ç–µ –∑–∞–∫–∞–∑.",–ü–æ–¥—Ç–≤–µ—Ä–¥–∏—Ç—å|–ò–∑–º–µ–Ω–∏—Ç—å –∞–¥—Ä–µ—Å|–ò–∑–º–µ–Ω–∏—Ç—å —Ç–µ–ª–µ—Ñ–æ–Ω,,,,,,
9,TaxiDelivery,confirm,waiting,–ü–æ–¥—Ç–≤–µ—Ä–¥–∏—Ç—å,client,,"–í–∞—à –∑–∞–∫–∞–∑ –ø—Ä–∏–Ω—è—Ç! –û–∂–∏–¥–∞–π—Ç–µ –Ω–∞–∑–Ω–∞—á–µ–Ω–∏—è –∏—Å–ø–æ–ª–Ω–∏—Ç–µ–ª—è.",‚Äî,,–û–ø–µ—Ä–∞—Ç–æ—Ä—É: –ù–æ–≤—ã–π –∑–∞–∫–∞–∑,,notify_operator,,
10,TaxiDelivery,waiting,assign_exec,–ù–∞–∑–Ω–∞—á–∏—Ç—å,operator,,"–ù–∞–∑–Ω–∞—á—å—Ç–µ –≤–æ–¥–∏—Ç–µ–ª—è/–∫—É—Ä—å–µ—Ä–∞ –¥–ª—è –∑–∞–∫–∞–∑–∞.",[–°–ø–∏—Å–æ–∫ –∏—Å–ø–æ–ª–Ω–∏—Ç–µ–ª–µ–π],,,"assign_executor",,
11,TaxiDelivery,assign_exec,notify_exec,<–≤—ã–±—Ä–∞–Ω –∏—Å–ø–æ–ª–Ω–∏—Ç–µ–ª—å>,operator,,"–ò—Å–ø–æ–ª–Ω–∏—Ç–µ–ª—å –Ω–∞–∑–Ω–∞—á–µ–Ω. –£–≤–µ–¥–æ–º–ª–µ–Ω–∏–µ –æ—Ç–ø—Ä–∞–≤–ª–µ–Ω–æ.",‚Äî,,–ò—Å–ø–æ–ª–Ω–∏—Ç–µ–ª—é: –ù–æ–≤—ã–π –∑–∞–∫–∞–∑,,notify_executor,,
12,TaxiDelivery,notify_exec,exec_accept,–ü—Ä–∏–Ω—è—Ç—å –∑–∞–∫–∞–∑,executor,,"–í—ã –ø—Ä–∏–Ω—è–ª–∏ –∑–∞–∫–∞–∑. –í –ø—É—Ç–∏ –∫ –∫–ª–∏–µ–Ω—Ç—É.",–ó–∞–≤–µ—Ä—à–∏—Ç—å|–û—Ç–º–µ–Ω–∏—Ç—å,,–ö–ª–∏–µ–Ω—Ç—É: –í–∞—à –∑–∞–∫–∞–∑ –≤ –ø—É—Ç–∏,,notify_client,,
13,TaxiDelivery,exec_accept,done,–ó–∞–≤–µ—Ä—à–∏—Ç—å,executor,,"–ó–∞–∫–∞–∑ –∑–∞–≤–µ—Ä—à—ë–Ω. –°–ø–∞—Å–∏–±–æ!",‚Äî,,–ö–ª–∏–µ–Ω—Ç—É: –ó–∞–∫–∞–∑ –∑–∞–≤–µ—Ä—à—ë–Ω,,order_done,,
14,TaxiDelivery,exec_accept,cancelled,–û—Ç–º–µ–Ω–∏—Ç—å,executor,,"–ó–∞–∫–∞–∑ –æ—Ç–º–µ–Ω—ë–Ω –∏—Å–ø–æ–ª–Ω–∏—Ç–µ–ª–µ–º.",‚Äî,,–ö–ª–∏–µ–Ω—Ç—É: –ó–∞–∫–∞–∑ –æ—Ç–º–µ–Ω—ë–Ω,,order_cancelled,,
15,TaxiDelivery,any,feedback,/feedback,client,,"–ü–æ–∂–∞–ª—É–π—Å—Ç–∞, –æ—Ü–µ–Ω–∏—Ç–µ –∫–∞—á–µ—Å—Ç–≤–æ –æ–±—Å–ª—É–∂–∏–≤–∞–Ω–∏—è:",1‚≠ê|2‚≠ê|3‚≠ê|4‚≠ê|5‚≠ê,,–û–ø–µ—Ä–∞—Ç–æ—Ä—É: –ü–æ–ª—É—á–µ–Ω –æ—Ç–∑—ã–≤,,save:feedback:{text},/feedback,–û—Å—Ç–∞–≤–∏—Ç—å –æ—Ç–∑—ã–≤
16,TaxiDelivery,done,start,–ó–∞–∫–∞–∑–∞—Ç—å —Å–Ω–æ–≤–∞,client,,"–•–æ—Ç–∏—Ç–µ —Å–¥–µ–ª–∞—Ç—å –Ω–æ–≤—ã–π –∑–∞–∫–∞–∑?",üöï –¢–∞–∫—Å–∏|üçï –î–æ—Å—Ç–∞–≤–∫–∞,,,,,,
17,TaxiDelivery,cancelled,start,–ó–∞–∫–∞–∑–∞—Ç—å —Å–Ω–æ–≤–∞,client,,"–•–æ—Ç–∏—Ç–µ —Å–¥–µ–ª–∞—Ç—å –Ω–æ–≤—ã–π –∑–∞–∫–∞–∑?",üöï –¢–∞–∫—Å–∏|üçï –î–æ—Å—Ç–∞–≤–∫–∞,,,,,,